{
  "config": {
    "items": [
      {
        "infra": {
          "name": "au250", 
          "display": "Alveo U250 Data Center Accelerator Card", 
          "revision": "1.1", 
          "description": "Alveo U250 Data Center Accelerator Card", 
          "company": "xilinx.com", 
          "company_display": "Xilinx", 
          "author": "Vanitha", 
          "contributors": [
            {
              "group": "Xilinx", 
              "url": "www.xilinx.com"
            }
          ], 
          "category": "Single Part", 
          "website": "https://www.xilinx.com/u250", 
          "search-keywords": [
            "au250", 
            "xilinx.com", 
            "board", 
            "Single Part"
          ]
        }
      }
    ], 
    "major": "1", 
    "minor": "1"
  }
}