{
  "config": {
    "items": [
      {
        "infra": {
          "name": "au250", 
          "display": "Alveo U250 Data Center Accelerator Card", 
          "revision": "1.2", 
          "description": "Alveo U250 Data Center Accelerator Card", 
          "company": "xilinx.com", 
          "company_display": "Xilinx", 
          "author": "Vanitha", 
          "contributors": [
            {
              "group": "Xilinx", 
              "url": "www.xilinx.com"
            }
          ], 
          "category": "Single Part",
          "logo": "au250_image.jpg",
          "website": "http://www.xilinx.com/u250", 
          "search-keywords": [
            "au250", 
            "xilinx.com", 
            "board", 
            "Single Part"
          ]
        }
      }
    ]
  },
  "_major": 1,
  "_minor": 0
}
